id,firstname,lastname
100,Evita,Hermes
101,Chastity,Jammal
102,Aubrie,Ajay
103,Correy,Wenoa
104,Catrina,Anis
105,Meg,Wittie
106,Ezmeralda,Kendrick
107,Shauna,Jenness
108,Janeczka,Uund
109,Ileana,Bettine
110,Florencia,Bluh
111,Hyacinthe,Hilbert
112,Jere,Holtz
113,Trixi,Wu
114,Cacilie,Syd
115,Thalia,Irmine
116,Lacie,Schlosser
117,Libbie,Hutchison
118,Jackie,Mata
119,Jessy,Rosalba
120,Britte,Keily
121,Alisha,Poll
122,Renae,Tillford
123,Stephanie,Cosenza
124,Nanete,Schwejda
125,Zia,Dermott
126,Jaclyn,Sholley
127,Wynne,McNully
128,Hermione,Eno
129,Winifred,Shelba
130,Hollie,Seagraves
131,Annice,Carolin
132,Celene,Abbot
133,Myriam,Maroney
134,Kaia,Cookie
135,Elise,Ventre
136,Tatiania,Wandie
137,Betta,Noman
138,Jobi,Uird
139,Selia,Riva
140,Esmeralda,Jalbert
141,Heddie,Moina
142,Evita,Lytton
143,Donnie,Moseley
144,Minne,Sabella
145,Ronna,Kylander
146,Aubrie,Erlandson
147,Theodora,Wallis
148,Belva,Raychel
149,Chandra,Eben
150,Aeriela,Morehouse
151,Loree,Kravits
152,Florie,Salvidor
153,Penelopa,Rolf
154,Moyna,Carbo
155,Nyssa,Suzetta
156,Tami,Cressida
157,Annabela,Buttaro
158,Ada,Cristi
159,Chandra,Rurik
160,Celene,Waldron
161,Bee,Wattenberg
162,Glynnis,Kravits
163,Carly,Philipp
164,Elise,Idelia
165,Tani,Margret
166,Gaylene,Suzetta
167,Linet,Atcliffe
168,Catrina,Oriana
169,Mallory,Mallon
170,Lucy,Sigfrid
171,Sabina,Gregrory
172,Alleen,Morgun
173,Lulita,Philoo
174,Karly,Hanleigh
175,Melina,Kunin
176,Paulita,Ailyn
177,Mara,Kosey
178,Fayre,Kalinda
179,Jillayne,Primalia
180,Brynna,Braun
181,Micheline,Fosque
182,Lory,Cavan
183,Alameda,Jena
184,Glenda,Rugen
185,Romona,Emerson
186,Daryl,Breed
187,Jenilee,Primalia
188,Shandie,Hartnett
189,Vonny,Weaks
190,Raf,Bigner
191,Nita,MacIntosh
192,Aigneis,Graig
193,Sindee,Ardeha
194,Joeann,Carri
195,Mallory,Garrison
196,Chickie,Carbo
197,Inga,Maiah
198,Livvyy,Federica
199,Elbertina,Japeth
200,Madelle,Allina
201,Clary,Allina
202,Gerianna,Ummersen
203,Helsa,Helfand
204,Peri,Waldron
205,Tina,McClimans
206,Sissy,Travax
207,Edee,Othilia
208,Susette,Erlandson
209,Melodie,Weinreb
210,Romona,Koziara
211,Courtnay,Franza
212,Juliane,Cullin
213,Dulce,Primalia
214,Barbara,Suzetta
215,Hallie,Merell
216,Vanessa,Ochs
217,Lonnie,Maryanne
218,Jobi,Stevy
219,Deloria,Yusuk
220,Claudina,Audly
221,Cam,Tiffa
222,Misha,Glenden
223,Aaren,Jenness
224,Paulita,Berriman
225,Donnie,Janene
226,Sophia,Sidonius
227,Dorice,Melleta
228,Aubrie,Pauly
229,Tomasina,Pearse
230,Amara,Alabaster
231,Codie,Latini
232,Blake,Lenny
233,Dominga,Corabella
234,Larine,Fitzsimmons
235,Lily,Lilybelle
236,Charlena,Gino
237,Jerry,Oster
238,Doralynne,Standing
239,Averyl,Sinegold
240,Delilah,Daniele
241,Babita,Zamora
242,Binny,Shaver
243,Valli,Edison
244,Lindie,Salchunas
245,Joceline,Abbot
246,Siana,Malvino
247,Elora,Larochelle
248,Petronia,Selway
249,Stephanie,Diogenes
250,Tybie,Cressida
251,Tierney,Stacy
252,Chickie,Lorain
253,Etta,Ruvolo
254,Glynnis,Breed
255,Jacquetta,Casimir
256,Addia,Land
257,Kore,Oriana
258,Keelia,Cutlerr
259,Frieda,Persse
260,Atlanta,Merriott
261,Clo,Morehouse
262,Blake,Michella
263,Janis,Revkah
264,Belva,Sammons
265,Caritta,Anis
266,Gerianna,Rooney
267,Hildegaard,Prober
268,Emelina,Berard
269,Agathe,Waite
270,Tomasina,McNully
271,Clo,Hazlett
272,Dede,Payson
273,Dolli,Tiffa
274,Lindie,Zaslow
275,Elbertina,Wenoa
276,Lucille,Delp
277,Halette,Pacorro
278,Laurene,Colleen
279,Chickie,Ezar
280,Lesly,Wenda
281,Ira,Hermes
282,Marinna,Lutero
283,Lindie,Standing
284,Agnese,Lunsford
285,Ashlee,Krystle
286,Deloria,Gillan
287,Caressa,Lytton
288,Sandie,Burkle
289,Edee,Schenck
290,Jere,Sekofski
291,Rochette,Swigart
292,Cordi,Corrine
293,Fredericka,Garlinda
294,Merry,Goth
295,Sarette,Santoro
296,Melanie,Soneson
297,Aurelie,Geffner
298,Netty,Goddard
299,Darci,Georas
300,Kerrin,Buckler
301,Meg,Fairweather
302,Bill,Saree
303,Asia,Sancho
304,Kathy,Carmena
305,Lisette,Klemperer
306,Christal,Karl
307,Constance,Boehike
308,Antonietta,Rogerio
309,Joelly,Braun
310,Karina,Rozanna
311,Di,Karylin
312,Winifred,Mathilde
313,Larine,Karna
314,Fawne,Waite
315,Nelle,Olympium
316,Winifred,Bury
317,Lonnie,Israeli
318,Alex,Rheingold
319,Kaia,Olympium
320,Dione,Bollay
321,Ardenia,Gwenore
322,Sybille,Briney
323,Mahalia,Tacye
324,Norine,Randene
325,Florencia,Herrera
326,Chandra,Margarete
327,Teddie,Sasnett
328,Jaclyn,Cynar
329,Willetta,Haldas
330,Carol-Jean,Denis
331,Libbie,Valoniah
332,Bertine,Brotherson
333,Orsola,Nedrud
334,Anallese,Sisile
335,Hollie,Fink
336,Raina,Wyn
337,Deane,Jacqui
338,Delilah,Arvo
339,Anallese,Braun
340,Tami,Hubert
341,Mara,Kesley
342,Gloria,Crudden
343,Liana,Horan
344,Collen,Rad
345,Averyl,Weinreb
346,Ebonee,Terencio
347,Kylynn,Havens
348,Clementine,Docilla
349,Dede,Fennessy
350,Phedra,Gherardo
351,Margette,Scammon
352,Goldie,Fleeta
353,Caritta,Haymes
354,Brietta,Fredi
355,Stephanie,Casimir
356,Amara,Ophelia
357,Randa,Chapland
358,Kellen,Durware
359,Marcelline,Curren
360,Siana,Schlosser
361,Tobe,Goldina
362,Selia,Korey
363,Brynna,Alrich
364,Agnese,Septima
365,Mahalia,Gamaliel
366,Fina,Armanda
367,Renae,Emerson
368,Anica,Irmine
369,Tina,Konyn
370,Elena,Hamil
371,Joeann,Annabella
372,Maisey,Liebermann
373,Vere,McClimans
374,Robinia,Haymes
375,Meghann,Baylor
376,Blake,Bergman
377,Aurelie,Talia
378,Dolli,Seagraves
379,Aili,Konyn
380,Helena,Delila
381,Daune,Martsen
382,Gilda,Center
383,Arabel,Corrine
384,Ira,Cressida
385,Dorene,Teryn
386,Dania,Mauer
387,Kalina,Liebermann
388,Beth,Denis
389,Christy,Harl
390,Gwenneth,Aldric
391,Ottilie,Kiyoshi
392,Sadie,Kaja
393,Linzy,Maiah
394,Tybie,Sawtelle
395,Dione,Pattin
396,Jessy,Fosque
397,Annaliese,Gordon
398,Dania,Henrie
399,Damaris,Corilla
400,Corene,Bates
401,Suzette,LaRue
402,Melisent,Cadmar
403,Andree,Erich
404,Trixi,Rogerio
405,Vevay,Carolin
406,Gertrud,Hedve
407,Dari,Saint
408,Dyann,Faust
409,Wileen,Craggie
410,Dulce,Jefferey
411,Moyna,Secrest
412,Donnie,Rosalba
413,Zsa Zsa,Winthorpe
414,Marcelline,Pillsbury
415,Tierney,Harday
416,Agathe,Rosemary
417,Maryellen,Helfand
418,Edee,Yerkovich
419,Christy,Bultman
420,Marsiella,Lesley
421,Annora,Kevon
422,Misha,Kazimir
423,Mariele,Annice
424,Tierney,Celestine
425,Blondelle,O'Carroll
426,Sidoney,Mendez
427,Nanete,Jagir
428,Jasmina,Darrell
429,Nyssa,Karna
430,Gilda,Tiffa
431,Ezmeralda,Thilda
432,Keelia,Janene
433,Elbertina,Bethany
434,Gratia,Hubert
435,Hope,Dom
436,Celestyna,Brodench
437,Tybie,Dahlia
438,Grier,Mitzi
439,Allis,Zitvaa
440,Heddie,Neva
441,Queenie,Ries
442,Brena,Audly
443,Siana,Devlen
444,Alameda,Prober
445,Ardeen,Ophelia
446,Jerry,Sandye
447,Dale,Vorster
448,Karlee,Fiester
449,Emelina,Flita
450,Farrah,Fosque
451,Cyb,Knowling
452,Britte,Tryck
453,Georgetta,Hebner
454,Estell,Ciapas
455,Fawne,Naor
456,Ursulina,Bebe
457,Nyssa,Ioab
458,Kamilah,Olin
459,Rosaline,Scammon
460,Zaria,Boycey
461,Doralynne,Constancy
462,Mellicent,Blake
463,Tierney,Judye
464,Sarette,Vittoria
465,Alameda,Pulsifer
466,Kathy,Dermott
467,Yvonne,Secrest
468,Yolane,Lalitta
469,Ketti,Rona
470,Mariele,Madox
471,Cissiee,Kress
472,Michaelina,Guthrie
473,Gale,Rugen
474,Nariko,Niccolo
475,Donnie,Amand
476,Natka,Chandler
477,Sindee,Hedve
478,Gratia,Craggie
479,Hollie,Roscoe
480,Dianemarie,Roscoe
481,Malina,Fosque
482,Fred,Bashemeth
483,Devina,Alcott
484,Lila,Braun
485,Gusty,Aaberg
486,Bertine,Blake
487,Tomasina,Fiann
488,Marnia,Celestine
489,Minne,Faro
490,Dorene,Teddman
491,Pamella,Latini
492,Dominga,Aldric
493,Jordan,Erskine
494,Giustina,Lutero
495,Madelle,Blase
496,Melanie,Milson
497,Ida,Hertzfeld
498,Anestassia,Haymes
499,Elyssa,Tannie
500,Modestia,Anestassia
501,Lelah,Kaete
502,Nannie,Dex
503,Kamilah,Mitzi
504,Tarra,Henebry
505,Aurelie,Lumbard
506,Elora,Lamoree
507,Maryellen,Darian
508,Cassandra,Maribeth
509,Ekaterina,Cavan
510,Susette,Mauer
511,Rani,Aprile
512,Brena,Noman
513,Mara,Carmena
514,Consuela,Oscar
515,Mignon,Graig
516,Sidoney,Alisia
517,Mathilda,Nunci
518,Deirdre,Norrie
519,Nollie,Brandice
520,Cam,Lail
521,Kerrin,Knowling
522,Therine,Poll
523,Kelly,Reneta
524,Ottilie,Gert
525,Stacey,Arne
526,Philis,Thar
527,Korrie,Monaco
528,Dede,Tristram
529,Desirae,Podvin
530,Donnie,Millda
531,Kathi,Nore
532,Hayley,Bow
533,Halette,Scammon
534,Britni,Roarke
535,Rayna,Ursulette
536,Ursulina,Uird
537,Pamella,Billye
538,Susan,Alwin
539,Lynnea,Zola
540,Damaris,Kussell
541,Dotty,Darian
542,Dode,Dahlia
543,Gilda,Janith
544,Yolane,Cullin
545,Kaia,Nester
546,Deedee,Killigrew
547,Cassondra,Syd
548,Kerrin,Bari
549,Anthia,Wiener
550,Tori,Kendrick
551,Farrah,Jerold
552,Ulrike,Atonsah
553,Dorene,Sinegold
554,Aryn,Doig
555,Ardys,Nedrud
556,Hallie,Shaver
557,Ketti,Zola
558,Dawn,Pacorro
559,Allyce,Daegal
560,Florie,Izaak
561,Sashenka,Lasley
562,Gratia,Neils
563,Jennica,Bobbee
564,Wendi,Belldas
565,Beatriz,Wolfgram
566,Marline,Bartlett
567,Brietta,Vacuva
568,Rani,Anselmi
569,Maud,Saunderson
570,Jenilee,Thar
571,Celisse,Linskey
572,Lily,Maxi
573,Bernardine,Beniamino
574,Codie,Clywd
575,Glenda,Laurianne
576,Cassondra,Noam
577,Inga,Graig
578,Lulita,Astra
579,Dorene,Poll
580,Harrietta,Han
581,Sadie,Thar
582,Janis,Bendick
583,Marnia,Simmonds
584,Oralee,Kosey
585,Michaelina,Taima
586,Aeriela,Brunell
587,Nessie,Gale
588,Chastity,Means
589,Etta,Urias
590,Elka,Keelia
591,Elmira,Thilda
592,Jean,Ralfston
593,Deloria,Jorgan
594,Barbara,Ioab
595,Genovera,Belldas
596,Oralee,Etom
597,Cyndie,Torray
598,Susette,Jess
599,Dode,Medrek
600,Kristina,Jefferey
601,Karlee,Calhoun
602,Gratia,Zeeba
603,Hermione,Lenny
604,Mellicent,Lorenz
605,Kimmy,Catie
606,Eolanda,Lail
607,Tarra,Remmer
608,Clementine,Karylin
609,Berta,Chapland
610,Maud,Ader
611,Letizia,Campball
612,Emma,Hedve
613,Lilith,Bebe
614,Raina,Beebe
615,Siana,Khorma
616,Dacia,Jammal
617,Kore,Dosia
618,Sallie,Cimbura
619,Hermione,Stephie
620,Darlleen,Talia
621,Phylis,Dannye
622,Averyl,Carbo
623,Nananne,Strephon
624,Miquela,Kellby
625,Leanna,Radu
626,Paola,Clywd
627,Brena,Zitvaa
628,Shaylyn,Alejoa
629,Tori,Francyne
630,Janey,Junie
631,Leia,Hoban
632,Helsa,Rubie
633,Leia,Thema
634,Kirbee,Anestassia
635,Lucy,Keily
636,Shandie,Klemperer
637,Jobi,Morehouse
638,Britni,Paton
639,Frank,Stoller
640,Belva,Malvino
641,Ricky,Grobe
642,Corry,Even
643,Adore,Bach
644,Marguerite,Colleen
645,Hildegaard,Neils
646,Stacey,Kenwood
647,Renae,Brackely
648,Briney,Kellby
649,Dianemarie,Kaete
650,Jobi,Beniamino
651,Chrystel,Garrison
652,Kirstin,Persse
653,Ileana,Dannye
654,Paulita,Kare
655,Melina,Bearnard
656,Frances,Felecia
657,Sara-Ann,Parette
658,Hannis,Radu
659,Melodie,Eben
660,Catrina,Darian
661,Silvana,Shields
662,Tybie,Carolin
663,Cherrita,Ax
664,Joy,Hutchison
665,Bobinette,Palocz
666,Max,Doig
667,Korrie,Abram
668,Anthia,Duwalt
669,Jenilee,Herrera
670,Gusty,Hirsch
671,Yvonne,Emerson
672,Chastity,Kress
673,Verla,Rosalba
674,Kassey,Pauly
675,Mireielle,Hoban
676,Wendi,Tatianas
677,Justinn,Schalles
678,Gianina,Sharl
679,Jaime,Belanger
680,Jaclyn,Eldrid
681,Lusa,Koziara
682,Wileen,Bahr
683,Lilith,Malvino
684,Mellicent,Bollay
685,Deloria,Loleta
686,Daune,Kronfeld
687,Farrah,Armanda
688,Nelle,Ries
689,Ashlee,Macey
690,Britte,Adlare
691,Judy,Marlie
692,Korrie,Jeanne
693,Jobi,Etom
694,Celene,Elsinore
695,Caryl,Claudine
696,Bernardine,Henrie
697,Goldie,Bohlin
698,Modestia,Wallis
699,Anthia,Keelia
700,Mildrid,Nester
701,Candi,Madaih
702,Lauryn,Croix
703,Lynde,Earlie
704,Darci,Thilda
705,Lusa,Engdahl
706,Cissiee,Narton
707,Moyna,Meli
708,Marjie,Trace
709,Ardys,Holbrook
710,Gale,Gregrory
711,Cristine,Amand
712,Almeta,Dominy
713,Josephine,Cottle
714,Roberta,Martguerita
715,Genevra,Erlandson
716,Jemie,Annabella
717,Millie,Campball
718,Tressa,Nea
719,Meg,Dorine
720,Meg,Gamaliel
721,Dulce,Hubert
722,Valeda,Karylin
723,Jessamyn,Faso
724,Ericka,Lucienne
725,Rosabelle,Beebe
726,Lorenza,Lorenz
727,Sara-Ann,Noam
728,Emilia,Nunci
729,Talya,Oneida
730,Ardys,Corilla
731,Peri,Sadowski
732,Alisha,Jagir
733,Rhoda,Elvyn
734,Sabina,Sabella
735,Etta,Bendick
736,Patricia,Kat
737,Collen,Donoghue
738,Amara,Chrystel
739,Sandie,Callista
740,Iseabal,Lea
741,Gui,Wilona
742,Britni,Sholley
743,Merry,Ulphia
744,Emmey,Ventre
745,Libbie,Noelyn
746,Tierney,Dichy
747,Lucy,Marsden
748,Merry,Howlyn
749,Lucille,Brian
750,Berta,Shuler
751,Zondra,Tamar
752,Emelina,Carey
753,Aigneis,Heidt
754,Camile,Ursulette
755,Kate,Barbey
756,Sindee,Kermit
757,Misha,Mauer
758,Gratia,Saree
759,Ermengarde,Schonfeld
760,Tamqrah,Timon
761,Dacia,Kunin
762,Sam,Duwalt
763,Ernesta,Quent
764,Isa,Saunderson
765,Deloria,Chauncey
766,Elise,Pettiford
767,Deedee,Ethban
768,Maridel,Bury
769,Raf,Zenas
770,Rubie,Drisko
771,Trixi,Randene
772,Bertine,Dichy
773,Jere,Ciro
774,Laurene,Ajay
775,Winifred,Eckblad
776,Tonia,Vale
777,Libbie,Carey
778,Magdalena,Jenness
779,Gretal,Peonir
780,Yolane,Jenness
781,Robinia,Artie
782,Jorry,Boehike
783,Elka,Etom
784,Natka,Sherfield
785,Gui,Ries
786,Kore,Sibyls
787,Randa,Wattenberg
788,Steffane,Flita
789,Viviene,Hieronymus
790,Neila,Allare
791,Basia,Cimbura
792,Chrystel,Lynn
793,Loree,Celestine
794,Andree,Fleeta
795,Winifred,Yate
796,Elyssa,Malvino
797,Helsa,Yerkovich
798,Kamilah,Secrest
799,Belva,Argus
800,Christal,Telfer
801,Jinny,Rugen
802,Leontine,Jerold
803,Carly,Henebry
804,Cissiee,Eckblad
805,Anica,Verger
806,Cathie,Durware
807,Alleen,Garlinda
808,Brena,Alwin
809,Gratia,Reidar
810,Kara-Lynn,Kazimir
811,Ronna,Shelba
812,Mathilda,Diogenes
813,Krystle,Dielu
814,Ofilia,Dash
815,June,Boycey
816,Sibella,Liva
817,Elena,Kravits
818,Brynna,Shama
819,Anica,Jotham
820,Tybie,Hutchison
821,Ronna,Old
822,Silvana,Fry
823,Reeba,Madaih
824,Winifred,Middleton
825,Gabriellia,Newell
826,Imojean,Dahlia
827,Darlleen,Garlinda
828,Jolyn,Michella
829,Gerianna,Nerita
830,Catrina,Albertine
831,Katleen,Elsinore
832,Kial,Nerita
833,Tressa,Secrest
834,Lizzie,Fennessy
835,Pierette,Oriana
836,Violet,Meter
837,Anallese,Keily
838,Berta,Ephrem
839,Shell,Cecile
840,Dolli,Knowling
841,Cecile,Center
842,Kial,Jobi
843,Lonnie,Toffic
844,Hermione,Angelis
845,Catharine,Astra
846,Cacilie,Standing
847,Netty,Huggins
848,Marleah,Andrel
849,Adore,Sheedy
850,Genovera,Jagir
851,Danika,Deegan
852,Roslyn,Constancy
853,Lyssa,Schroth
854,Marinna,Ajay
855,Joleen,Sherrie
856,Jany,Ellerey
857,Sharlene,Virgin
858,Joceline,Westphal
859,Kathy,Clarissa
860,Damaris,Garbe
861,Liana,Adalbert
862,Carmela,Shields
863,Ada,Kenney
864,Jerry,Hepsibah
865,Jobi,Klemperer
866,Blondelle,Kalinda
867,Sindee,Denis
868,Norine,Ephrem
869,Britte,Gusella
870,Moyna,Nea
871,Marika,Huggins
872,Claudina,Marsden
873,Blake,Salchunas
874,Flory,Jenness
875,Jan,Elephus
876,Elfreda,Palocz
877,Phedra,Janene
878,Goldie,Uird
879,Molli,Maples
880,Libbie,Drus
881,Dacia,Etom
882,Livvyy,Rhu
883,Dolli,Cosenza
884,Dede,Devlen
885,Odessa,Bennie
886,Elbertina,Geffner
887,Dulce,Constancy
888,Veda,Anyah
889,Max,Weaks
890,Blake,Plato
891,Kaja,Mayeda
892,Beatriz,Anyah
893,Georgina,Cutlerr
894,Melina,Oneida
895,Kittie,Raama
896,Lesly,Bennie
897,Barbi,Ariella
898,Priscilla,Odysseus
899,Rori,Raychel
900,Winny,Diann
901,Orsola,Armanda
902,Candy,Mallon
903,Carree,Kolnick
904,Odessa,Bury
905,Merry,Eiser
906,Caryl,Ries
907,Agathe,Stav
908,Frank,Hashim
909,Ada,Cutlerr
910,Fayre,Esmaria
911,Charlena,Hoban
912,Carol-Jean,Lorenz
913,Malina,Rhu
914,Corene,Kamaria
915,Jean,Jerald
916,Candy,Shama
917,Nickie,Ethban
918,Marcelline,Zola
919,Nickie,Sigfrid
920,Janis,Harl
921,Orsola,Bronk
922,Stacey,Parsaye
923,Katleen,Carey
924,Chere,Jacqui
925,Alyssa,Frendel
926,Jean,Braun
927,Gilda,Mott
928,Brianna,Publia
929,Abbie,Tiffa
930,Tiffie,Joeann
931,Lacie,Couture
932,Anthia,Lubin
933,Imojean,Grosz
934,Vevay,Meli
935,Mureil,Urias
936,Tonia,Swanhildas
937,Daphne,Boycey
938,Ermengarde,Seumas
939,Alisha,Anderea
940,Lorie,Schroth
941,Courtnay,Whittaker
942,Audrie,Winnick
943,Roslyn,Ioab
944,Rori,Karl
945,Cherilyn,Nicoline
946,Phylis,Willie
947,Ermengarde,Heidt
948,Edith,Chinua
949,Brynna,Morehouse
950,Dyann,Heisel
951,Amalie,Blase
952,Alyssa,Primalia
953,Merci,Valerio
954,Pollyanna,Maples
955,Merci,Tippets
956,Alia,Cherianne
957,Nicoli,Berard
958,Selia,Rebecka
959,Rori,Vittoria
960,Rochette,Margarete
961,Ilse,Anselmi
962,Sam,Lenny
963,Pollyanna,Nunci
964,Gwyneth,Elsinore
965,Charmaine,Kimmie
966,Karolina,Raul
967,Sarette,Barbey
968,Heddie,Sundin
969,Gloria,Strephon
970,Siana,Monk
971,Deedee,Ferino
972,Viviene,Kermit
973,Annora,Buttaro
974,Belinda,Raul
975,Neila,Katrine
976,Steffane,Wind
977,Kassey,Medrek
978,Gloria,Seagraves
979,Tami,Torray
980,Gui,Hertzfeld
981,Mahalia,Monk
982,Brynna,Esmaria
983,Theodora,Ophelia
984,Asia,Capello
985,Nita,Wenda
986,Britte,Peonir
987,Katuscha,Rona
988,Susan,Charity
989,Frieda,Mich
990,Belinda,Weide
991,Cristine,Whittaker
992,Adelle,Pierette
993,Claresta,Pettiford
994,Gerrie,Baudin
995,Lauryn,Uund
996,Nelle,Dash
997,Tonia,Haldas
998,Beverley,Gabrielli
999,Maryellen,Caitlin
1000,Dede,Alice
1001,Wilma,Edmund
1002,Bettine,Sheng
1003,Morganica,Cosenza
1004,Dione,Alejoa
1005,Nelle,Vale
1006,Briney,Odell
1007,Carilyn,Brunell
1008,Demetris,Pozzy
1009,Esmeralda,Margarete
1010,Arlena,Esmaria
1011,Selia,Reinke
1012,Charmaine,Papageno
1013,Zia,Lalitta
1014,Wileen,Pillsbury
1015,Cristabel,Frodi
1016,Roz,Shanley
1017,Roberta,Pandolfi
1018,Elbertina,McAdams
1019,Kellen,Alexandr
1020,Gwyneth,Duwalt
1021,Carlie,Raseda
1022,Kristina,Peonir
1023,Hettie,Whiffen
1024,Barbara,Reneta
1025,Jinny,Sinegold
1026,Berta,Cristi
1027,Kalina,Paton
1028,Binny,Esmaria
1029,Livvyy,Westphal
1030,Vita,Dituri
1031,Ofilia,Heisel
1032,Bee,Valerio
1033,Sabina,Phi
1034,Ileana,Brian
1035,Selia,Susannah
1036,Angela,Chabot
1037,Dyann,Bartlett
1038,Molli,McClimans
1039,Leanna,Huggins
1040,Magdalena,Shaddock
1041,Vita,Viddah
1042,Sibella,Fabiola
1043,Gretal,Kevon
1044,Melanie,Johanna
1045,Elena,Croix
1046,Tera,Kress
1047,Clarice,Carri
1048,Starla,Rudolph
1049,Dulce,Raffo
1050,Sharai,Emmaline
1051,Jemie,Hutchison
1052,Belinda,Stelle
1053,Dagmar,Kesley
1054,Darlleen,Maurine
1055,Rochette,Holtz
1056,Morganica,Longfellow
1057,Flory,Granoff
1058,Chastity,Kat
1059,Ketti,Allare
1060,Jennica,Delila
1061,Sabina,Freddi
1062,Zsa Zsa,Yorick
1063,Ronna,Sheng
1064,Dotty,Pascia
1065,Gratia,Linehan
1066,Lolita,Stanwood
1067,Ivett,Paton
1068,Arlena,Jerold
1069,Elvira,Gibbeon
1070,Cherrita,Maiah
1071,Jenilee,Schonfeld
1072,Maisey,Deny
1073,Sheree,Grimbly
1074,Bobbi,Bobbee
1075,Marita,Felizio
1076,Dania,Fancie
1077,Kylynn,Ferino
1078,Sashenka,Lindemann
1079,Cathie,Karna
1080,Sadie,Peonir
1081,Mildrid,Erlandson
1082,Linet,Kronfeld
1083,Brianna,Chaing
1084,Britte,Martsen
1085,Meriel,Wandie
1086,Elie,Holbrook
1087,Kimmy,Sherfield
1088,Karlee,Bashemeth
1089,Joeann,Jammal
1090,Gwyneth,Hewitt
1091,Annecorinne,Wadell
1092,Ottilie,Schwejda
1093,Ericka,Wiener
1094,Andree,Kaete
1095,Collen,Greenwald
1096,Amara,Naashom
1097,Di,Liebermann
1098,Aryn,Modie
1099,Jolyn,Sacken
